{
  "embed_dims": [
    16,
    32,
    64,
    128,
    256
  ],
  "final_loss": [
    0.009002050384879112,
    0.0019396342104300857,
    0.0003942284092772752,
    8.316803723573685e-05,
    9.484801921644248e-06
  ],
  "param_counts": [
    8672,
    29568,
    108224,
    412992,
    1612352
  ]
}